method,recall,mean,median,p95,p99,max
BASELINE - ALL NAME/ADDRESS TOKENS,99.85557481224726,339227.1965,252798.0,932227.0999999999,1205980.0,1428725
"RAREST TOKEN | cutoff <= 5,000 | top 1",79.7949162333911,386.66,114.0,1792.3999999999996,3687.06,4934
"RAREST TOKEN | cutoff <= 5,000 | top 2",90.65569035239746,1276.705,716.5,4381.699999999999,5986.629999999999,8341
"RAREST TOKEN | cutoff <= 5,000 | top 3",93.00982091276718,2442.315,2011.0,6291.1,8553.07,13052
"RAREST TOKEN | cutoff <= 5,000 | top 4",93.83304448295783,3369.757,2924.0,8059.499999999998,10565.769999999999,14297
"HYBRID | cutoff <= 5,000 | top 1 | fallback < 100",89.3847487001733,171792.3715,2597.0,749083.5999999997,1122321.0599999998,1263039
"HYBRID | cutoff <= 5,000 | top 2 | fallback < 100",93.32755632582322,55035.571,1262.5,451508.3,836104.1,1204220
"HYBRID | cutoff <= 5,000 | top 3 | fallback < 100",94.62738301559793,23059.922,2258.0,31741.399999999794,627691.2999999999,1103167
"HYBRID | cutoff <= 5,000 | top 4 | fallback < 100",95.23396880415945,16420.283,3164.0,9694.849999999997,473452.43999999994,1016109
"RAREST TOKEN | cutoff <= 10,000 | top 1",80.66146735990756,471.0785,120.0,2068.2,5147.8099999999995,9960
"RAREST TOKEN | cutoff <= 10,000 | top 2",92.18659734257655,1772.59,852.0,7321.0999999999985,11417.46,19072
"RAREST TOKEN | cutoff <= 10,000 | top 3",94.97400346620451,3976.539,2714.5,11858.8,17327.87,23594
"RAREST TOKEN | cutoff <= 10,000 | top 4",96.01386481802426,6218.8845,5055.0,15923.35,21039.25,28612
"HYBRID | cutoff <= 10,000 | top 1 | fallback < 100",89.15366839976892,166857.124,2597.0,741324.0499999999,1122321.0599999998,1263039
"HYBRID | cutoff <= 10,000 | top 2 | fallback < 100",93.61640670132871,48378.4325,1363.0,412764.64999999985,800034.3899999997,1204220
"HYBRID | cutoff <= 10,000 | top 3 | fallback < 100",95.30618139803582,16086.5845,2907.0,15247.149999999998,457305.39999999997,1103167
"HYBRID | cutoff <= 10,000 | top 4 | fallback < 100",96.12940496822647,10397.29,5145.5,16670.75,57946.72999999968,836033
"RAREST TOKEN | cutoff <= 25,000 | top 1",80.71923743500867,491.5495,121.0,2117.2999999999997,5443.079999999997,18495
"RAREST TOKEN | cutoff <= 25,000 | top 2",92.63431542461005,2215.2075,886.5,9300.399999999987,19083.82999999999,33929
"RAREST TOKEN | cutoff <= 25,000 | top 3",95.86943963027153,6092.367,3276.5,22150.149999999998,31458.14,50840
"RAREST TOKEN | cutoff <= 25,000 | top 4",97.35701906412478,12200.0505,8766.0,34323.24999999999,45586.03999999999,57704
"HYBRID | cutoff <= 25,000 | top 1 | fallback < 100",89.12478336221838,166083.5485,2597.0,740118.45,1122321.0599999998,1263039
"HYBRID | cutoff <= 25,000 | top 2 | fallback < 100",93.97746967071056,47484.3275,1437.0,407544.6499999998,772353.9899999994,1204220
"HYBRID | cutoff <= 25,000 | top 3 | fallback < 100",96.10051993067592,16271.6915,3543.5,26488.95,450191.81,1103167
"HYBRID | cutoff <= 25,000 | top 4 | fallback < 100",97.37146158290005,14447.735,8909.5,35094.4,50380.90999999999,836033
